Action,Username,DistGrp
ADD,bunneyr,denbigh_minibus@denbigh.net
ADD,southc,denbigh_minibus@denbigh.net
ADD,gregorye,denbigh_minibus@denbigh.net
ADD,burgessd,denbigh_minibus@denbigh.net
ADD,pretoriusl,denbigh_minibus@denbigh.net
ADD,hamdanc,denbigh_minibus@denbigh.net
ADD,lewisl2,denbigh_minibus@denbigh.net
ADD,edunr,denbigh_minibus@denbigh.net
ADD,wiltshires,denbigh_minibus@denbigh.net
ADD,berrimanq,denbigh_minibus@denbigh.net
ADD,herringj,denbigh_minibus@denbigh.net
ADD,oscroftl,denbigh_minibus@denbigh.net
ADD,listm,denbigh_minibus@denbigh.net
ADD,daviesg,denbigh_minibus@denbigh.net
ADD,rosiew,denbigh_minibus@denbigh.net
ADD,hairsinem,denbigh_minibus@denbigh.net
ADD,simmc,denbigh_minibus@denbigh.net
ADD,linbournem,denbigh_minibus@denbigh.net
ADD,laym,denbigh_minibus@denbigh.net
ADD,calleiag,denbigh_minibus@denbigh.net
ADD,whitehousem,denbigh_minibus@denbigh.net
ADD,burrowsc,denbigh_minibus@denbigh.net
ADD,beesleyevansp,denbigh_minibus@denbigh.net
ADD,parsonsp,denbigh_minibus@denbigh.net
